{
    "title": "HypeBuy&Sell Hero Section",
    "type": "section",
    "content": {
        "widgets": [
            {
                "widgetType": "heading",
                "settings": {
                    "title": "Welcome to HypeBuy&Sell"
                }
            },
            {
                "widgetType": "text-editor",
                "settings": {
                    "editor": "Discover products. Connect with vendors. Shop securely."
                }
            },
            {
                "widgetType": "button",
                "settings": {
                    "text": "Browse Shop",
                    "link": {
                        "url": "/shop"
                    }
                }
            },
            {
                "widgetType": "button",
                "settings": {
                    "text": "Become a Vendor",
                    "link": {
                        "url": "/vendor-registration"
                    },
                    "_skin": "success"
                }
            }
        ]
    }
}